[{
  "_id": {
    "$oid": "6467539d09fba6e2576baf64"
  },
  "user_id": {
    "$oid": "64674457c92ed15950570c8c"
  },
  "course_id": {
    "$oid": "64664f380c0ba80bae205213"
  },
  "chapter": 0,
  "rate": 1
},{
  "_id": {
    "$oid": "64675911d941c03419bd175d"
  },
  "user_id": {
    "$oid": "64674457c92ed15950570c8d"
  },
  "course_id": {
    "$oid": "64664f380c0ba80bae205213"
  },
  "chapter": 0,
  "rate": 0
},{
  "_id": {
    "$oid": "64675e672e28e6663cf1654e"
  },
  "chapter": 0,
  "course_id": {
    "$oid": "64664f380c0ba80bae205213"
  },
  "user_id": {
    "$oid": "64674457c92ed15950570c8e"
  },
  "rate": 0
},{
  "_id": {
    "$oid": "64675e982e28e6663cf165c1"
  },
  "chapter": 0,
  "course_id": {
    "$oid": "64664f380c0ba80bae205213"
  },
  "user_id": {
    "$oid": "64674457c92ed15950570c90"
  },
  "rate": 1
},{
  "_id": {
    "$oid": "646771dc2e28e6663cf17fbf"
  },
  "chapter": 0,
  "course_id": {
    "$oid": "64664f380c0ba80bae205213"
  },
  "user_id": {
    "$oid": "64674457c92ed15950570c92"
  },
  "rate": 0
},{
  "_id": {
    "$oid": "6467723e2e28e6663cf18054"
  },
  "chapter": 0,
  "course_id": {
    "$oid": "64664f380c0ba80bae205214"
  },
  "user_id": {
    "$oid": "64674457c92ed15950570c92"
  },
  "rate": 0
},{
  "_id": {
    "$oid": "646783c42e28e6663cf19412"
  },
  "chapter": 0,
  "course_id": {
    "$oid": "64664f380c0ba80bae205214"
  },
  "user_id": {
    "$oid": "64674457c92ed15950570c8c"
  },
  "rate": 0
},{
  "_id": {
    "$oid": "646784512e28e6663cf194c8"
  },
  "chapter": 0,
  "course_id": {
    "$oid": "64664f380c0ba80bae205216"
  },
  "user_id": {
    "$oid": "64674457c92ed15950570c8c"
  },
  "rate": 0
},{
  "_id": {
    "$oid": "646784dc2e28e6663cf1958f"
  },
  "chapter": 0,
  "course_id": {
    "$oid": "64664f380c0ba80bae205216"
  },
  "user_id": {
    "$oid": "64674457c92ed15950570c94"
  },
  "rate": 0
},{
  "_id": {
    "$oid": "6467859f2e28e6663cf1969a"
  },
  "chapter": 0,
  "course_id": {
    "$oid": "64664f380c0ba80bae205214"
  },
  "user_id": {
    "$oid": "64674457c92ed15950570c94"
  },
  "rate": 0
},{
  "_id": {
    "$oid": "646785bf2e28e6663cf196ce"
  },
  "chapter": 0,
  "course_id": {
    "$oid": "64664f380c0ba80bae205214"
  },
  "user_id": {
    "$oid": "64674457c92ed15950570c95"
  },
  "rate": 0
},{
  "_id": {
    "$oid": "646785e72e28e6663cf1970c"
  },
  "chapter": 0,
  "course_id": {
    "$oid": "64664f380c0ba80bae205215"
  },
  "user_id": {
    "$oid": "64674457c92ed15950570c95"
  },
  "rate": 0
}]