[{
  "_id": {
    "$oid": "64664f380c0ba80bae205213"
  },
  "name": "Highlights of Calculus",
  "date": 1530133200,
  "description": "Highlights of Calculus is a series of short videos that introduces the basic ideas of calculus — how it works and why it is important. The intended audience is high school students, college students, or anyone who might need help understanding the subject.\nIn addition to the videos, there are summary slides and practice problems complete with an audio narration by Professor Strang. You can find these resources to the right of each video.",
  "domain": [
    "mathematics"
  ],
  "chapters": [
    {
      "name": "Gil Strang's Introduction to Calculus for Highlights for High School",
      "text": "Highlights of Calculus"
    },
    {
      "name": "Big Picture of Calculus",
      "text": "Highlights of Calculus"
    },
    {
      "name": "Big Picture: Derivatives",
      "text": "Highlights of Calculus"
    },
    {
      "name": "Max and Min and Second Derivative",
      "text": "Highlights of Calculus"
    },
    {
      "name": "The Exponential Function",
      "text": "Highlights of Calculus"
    },
    {
      "name": "Big Picture: Integrals",
      "text": "Highlights of Calculus"
    },
    {
      "name": "Derivative of sin x and cos x",
      "text": "Highlights of Calculus"
    },
    {
      "name": "Product Rule and Quotient Rule",
      "text": "Highlights of Calculus"
    },
    {
      "name": "Chains f(g(x)) and the Chain Rule",
      "text": "Highlights of Calculus"
    },
    {
      "name": "Limits and Continuous Functions",
      "text": "Highlights of Calculus"
    },
    {
      "name": "Inverse Functions f ^-1 (y) and the Logarithm x = ln y",
      "text": "Highlights of Calculus"
    },
    {
      "name": "Derivatives of ln y and sin ^-1 (y)",
      "text": "Highlights of Calculus"
    },
    {
      "name": "Growth Rate and Log Graphs",
      "text": "Highlights of Calculus"
    },
    {
      "name": "Linear Approximation/Newton's Method",
      "text": "Highlights of Calculus"
    },
    {
      "name": "Power Series/Euler's Great Formula",
      "text": "Highlights of Calculus"
    },
    {
      "name": "Differential Equations of Motion",
      "text": "Highlights of Calculus"
    },
    {
      "name": "Differential Equations of Growth",
      "text": "Highlights of Calculus"
    },
    {
      "name": "Six Functions, Six Rules, and Six Theorems",
      "text": "Highlights of Calculus"
    }
  ],
  "rating": 50
},{
  "_id": {
    "$oid": "64664f380c0ba80bae205214"
  },
  "name": "Introduction to Programming",
  "date": 1659906000,
  "description": "An introduction to programming using a language called Python. Learn how to read and write code as well as how to test and \"debug\" it. Designed for students with or without prior programming experience who'd like to learn Python specifically. Learn about functions, arguments, and return values (oh my!); variables and types; conditionals and Boolean expressions; and loops. Learn how to handle exceptions, find and fix bugs, and write unit tests; use third-party libraries; validate and extract data with regular expressions; model real-world entities with classes, objects, methods, and properties; and read and write files. Hands-on opportunities for lots of practice. Exercises inspired by real-world programming problems. No software required except for a web browser, or you can write code on your own PC or Mac.",
  "domain": [
    "programming"
  ],
  "chapters": [
    {
      "name": "This is CS50x 2022, now in 4K HDR",
      "text": "Introduction to Programming"
    },
    {
      "name": "CS50 2021 in HDR - Lecture 0 - Scratch",
      "text": "Introduction to Programming"
    },
    {
      "name": "CS50 2021 in HDR - Lecture 1 - C",
      "text": "Introduction to Programming"
    },
    {
      "name": "CS50 2021 in HDR - Lecture 2 - Arrays",
      "text": "Introduction to Programming"
    },
    {
      "name": "CS50 2021 in HDR - Lecture 3 - Algorithms",
      "text": "Introduction to Programming"
    },
    {
      "name": "CS50 2021 in HDR - Lecture 4 - Memory",
      "text": "Introduction to Programming"
    },
    {
      "name": "CS50 2021 in HDR - Lecture 5 - Data Structures",
      "text": "Introduction to Programming"
    },
    {
      "name": "CS50 2021 in HDR - Lecture 6 - Python",
      "text": "Introduction to Programming"
    },
    {
      "name": "CS50 2021 in HDR - Lecture 7 - SQL",
      "text": "Introduction to Programming"
    },
    {
      "name": "CS50 2021 in HDR - Cybersecurity",
      "text": "Introduction to Programming"
    },
    {
      "name": "CS50 2021 in HDR - Lecture 8 - HTML, CSS, JavaScript",
      "text": "Introduction to Programming"
    },
    {
      "name": "CS50 2021 in HDR - Lecture 9 - Flask",
      "text": "Introduction to Programming"
    },
    {
      "name": "CS50 2021 in HDR - Lecture 10 - Emoji",
      "text": "Introduction to Programming"
    }
  ],
  "rating": 0
},{
  "_id": {
    "$oid": "64664f380c0ba80bae205215"
  },
  "name": "Computer Vision Course",
  "date": 1502398800,
  "description": "Computer Vision has become ubiquitous in our society, with applications in search, image understanding, apps, mapping, medicine, drones, and self-driving cars. Core to many of these applications are visual recognition tasks such as image classification, localization and detection. Recent developments in neural network (aka “deep learning”) approaches have greatly advanced the performance of these state-of-the-art visual recognition systems. This lecture collection is a deep dive into details of the deep learning architectures with a focus on learning end-to-end models for these tasks, particularly image classification. From this course, students will learn to implement, train and debug their own neural networks and gain a detailed understanding of cutting-edge research in computer vision.\n",
  "domain": [
    "computer vision",
    "artificial intelligence"
  ],
  "chapters": [
    {
      "name": "Introduction to Convolutional Neural Networks for Visual Recognition",
      "text": "Computer Vision Course. CS231n L1 History of computer vision"
    },
    {
      "name": "Image Classification",
      "text": "Computer Vision Course"
    },
    {
      "name": "Loss Functions and Optimization",
      "text": "Computer Vision Course. CS231n L3 Regularization and optimization"
    },
    {
      "name": "Introduction to Neural Networks",
      "text": "Computer Vision Course. CS231n L4 Neural networks and backpropagation"
    },
    {
      "name": "Convolutional Neural Networks",
      "text": "Computer Vision Course"
    },
    {
      "name": "Training Neural Networks I",
      "text": "Computer Vision Course. CS231n L6 CNN architectures"
    },
    {
      "name": "Training Neural Networks II",
      "text": "Computer Vision Course. CS231n L7 Training neural networks"
    },
    {
      "name": "Deep Learning Software",
      "text": "Computer Vision Course. CS231n L8 Visualizing and understanding"
    },
    {
      "name": "Recurrent Neural Networks",
      "text": "Computer Vision Course. CS231n L9 Object detection and image segmentation"
    },
    {
      "name": "CNN Architectures",
      "text": "Computer Vision Course. CS231n L10 Recurrent neural networks"
    },
    {
      "name": "Detection and Segmentation",
      "text": "Computer Vision Course. CS231n L11 Attention and transformers"
    },
    {
      "name": "Detection and Segmentation",
      "text": "Computer Vision Course. CS231n L12 Video understanding"
    },
    {
      "name": "Visualizing and Understanding",
      "text": "Computer Vision Course. CS231n L13 Generative models"
    },
    {
      "name": "Generative Models",
      "text": "Computer Vision Course. CS231n L14 Self-supervised learning"
    },
    {
      "name": "Deep Reinforcement Learning",
      "text": "Computer Vision Course"
    },
    {
      "name": "Efficient Methods and Hardware for Deep Learning",
      "text": "Computer Vision Course"
    },
    {
      "name": "Adversarial Examples and Adversarial Training",
      "text": "Computer Vision Course"
    }
  ],
  "rating": 2
},{
  "_id": {
    "$oid": "64664f380c0ba80bae205216"
  },
  "name": "Introduction to Deep Learning",
  "date": 1653512400,
  "description": "Course lectures for MIT Introduction to Deep Learning.",
  "domain": [
    "artificial intelligence"
  ],
  "chapters": [
    {
      "name": "MIT Introduction to Deep Learning",
      "text": "Introduction to Deep Learning. Deep Learning Lesson 1"
    },
    {
      "name": "Recurrent Neural Networks and Transformers",
      "text": "Introduction to Deep Learning"
    },
    {
      "name": "Convolutional Neural Networks",
      "text": "Introduction to Deep Learning. Deep Learning Lesson 3"
    },
    {
      "name": "Deep Generative Modeling",
      "text": "Introduction to Deep Learning. Deep Learning Lesson 4"
    },
    {
      "name": "Reinforcement Learning",
      "text": "Introduction to Deep Learning"
    },
    {
      "name": "Deep Learning New Frontiers",
      "text": "Introduction to Deep Learning. Deep Learning Lesson 6"
    },
    {
      "name": "LiDAR for Autonomous Driving",
      "text": "Introduction to Deep Learning"
    },
    {
      "name": "Automatic Speech Recognition",
      "text": "Introduction to Deep Learning"
    },
    {
      "name": "AI for Science",
      "text": "Introduction to Deep Learning"
    },
    {
      "name": "Uncertainty in Deep Learning",
      "text": "Introduction to Deep Learning"
    },
    {
      "name": "Introduction to Deep Learning",
      "text": "Introduction to Deep Learning"
    },
    {
      "name": "Recurrent Neural Networks",
      "text": "Introduction to Deep Learning"
    },
    {
      "name": "Convolutional Neural Networks",
      "text": "Introduction to Deep Learning"
    },
    {
      "name": "Deep Generative Modeling",
      "text": "Introduction to Deep Learning"
    },
    {
      "name": "Reinforcement Learning",
      "text": "Introduction to Deep Learning"
    },
    {
      "name": "Deep Learning New Frontiers",
      "text": "Introduction to Deep Learning"
    },
    {
      "name": "Evidential Deep Learning and Uncertainty",
      "text": "Introduction to Deep Learning"
    },
    {
      "name": "AI Bias and Fairness",
      "text": "Introduction to Deep Learning"
    },
    {
      "name": "Deep CPCFG for Information Extraction",
      "text": "Introduction to Deep Learning"
    },
    {
      "name": "Taming Dataset Bias via Domain Adaptation",
      "text": "Introduction to Deep Learning"
    },
    {
      "name": "Towards AI for 3D Content Creation",
      "text": "Introduction to Deep Learning"
    },
    {
      "name": "AI in Healthcare",
      "text": "Introduction to Deep Learning"
    },
    {
      "name": "Introduction to Deep Learning",
      "text": "Introduction to Deep Learning"
    },
    {
      "name": "Recurrent Neural Networks",
      "text": "Introduction to Deep Learning"
    },
    {
      "name": "Convolutional Neural Networks",
      "text": "Introduction to Deep Learning"
    },
    {
      "name": "Deep Generative Modeling",
      "text": "Introduction to Deep Learning"
    },
    {
      "name": "Reinforcement Learning",
      "text": "Introduction to Deep Learning"
    },
    {
      "name": "Deep Learning New Frontiers",
      "text": "Introduction to Deep Learning"
    },
    {
      "name": "Neurosymbolic AI",
      "text": "Introduction to Deep Learning"
    },
    {
      "name": "Generalizable Autonomy for Robot Manipulation",
      "text": "Introduction to Deep Learning"
    },
    {
      "name": "Neural Rendering",
      "text": "Introduction to Deep Learning"
    },
    {
      "name": "Machine Learning for Scent",
      "text": "Introduction to Deep Learning"
    },
    {
      "name": "Intro to Deep Learning | MIT 6.S191",
      "text": "Introduction to Deep Learning"
    },
    {
      "name": "Introduction to Deep Learning",
      "text": "Introduction to Deep Learning"
    },
    {
      "name": "Recurrent Neural Networks",
      "text": "Introduction to Deep Learning"
    },
    {
      "name": "Convolutional Neural Networks",
      "text": "Introduction to Deep Learning"
    },
    {
      "name": "Deep Generative Modeling",
      "text": "Introduction to Deep Learning"
    },
    {
      "name": "Deep Reinforcement Learning",
      "text": "Introduction to Deep Learning"
    },
    {
      "name": "Deep Learning Limitations and New Frontiers",
      "text": "Introduction to Deep Learning"
    },
    {
      "name": "Visualization for Machine Learning (Google Brain)",
      "text": "Introduction to Deep Learning"
    },
    {
      "name": "Biologically Inspired Neural Networks (IBM)",
      "text": "Introduction to Deep Learning"
    },
    {
      "name": "Image Domain Transfer (NVIDIA)",
      "text": "Introduction to Deep Learning"
    },
    {
      "name": "Introduction to Deep Learning",
      "text": "Introduction to Deep Learning"
    },
    {
      "name": "Sequence Modeling with Neural Networks",
      "text": "Introduction to Deep Learning"
    },
    {
      "name": "Convolutional Neural Networks",
      "text": "Introduction to Deep Learning"
    },
    {
      "name": "Deep Generative Modeling",
      "text": "Introduction to Deep Learning"
    },
    {
      "name": "Deep Reinforcement Learning",
      "text": "Introduction to Deep Learning"
    },
    {
      "name": "Deep Learning Limitations and New Frontiers",
      "text": "Introduction to Deep Learning"
    },
    {
      "name": "Issues in Image Classification",
      "text": "Introduction to Deep Learning"
    },
    {
      "name": "Faster ML Development with TensorFlow",
      "text": "Introduction to Deep Learning"
    },
    {
      "name": "Deep Learning - A Personal Perspective",
      "text": "Introduction to Deep Learning"
    },
    {
      "name": "Learning+Reasoning",
      "text": "Introduction to Deep Learning"
    },
    {
      "name": "Computer Vision Meets Social Networks",
      "text": "Introduction to Deep Learning"
    }
  ],
  "rating": 2
}]