[{
  "_id": {
    "$oid": "64674457c92ed15950570c8c"
  },
  "first_name": "Milka",
  "last_name": "Loddon",
  "email": "mloddon0@livejournal.com",
  "gender": "Female",
  "uuid": "01H0SP3A90Y0ZRFQW51WZ7PVKJ"
},{
  "_id": {
    "$oid": "64674457c92ed15950570c8d"
  },
  "first_name": "Lyndell",
  "last_name": "Roycroft",
  "email": "lroycroft1@dot.gov",
  "gender": "Female",
  "uuid": "01H0SP3A91FACT8D2HM35YQNKB"
},{
  "_id": {
    "$oid": "64674457c92ed15950570c8e"
  },
  "first_name": "Ainsley",
  "last_name": "Mollene",
  "email": "amollene2@nifty.com",
  "gender": "Non-binary",
  "uuid": "01H0SP3A91NY3ABQPPFKT7Q653"
},{
  "_id": {
    "$oid": "64674457c92ed15950570c8f"
  },
  "first_name": "Shaughn",
  "last_name": "Duffet",
  "email": "sduffet3@unc.edu",
  "gender": "Male",
  "uuid": "01H0SP3A92V2KDNC0CBVCC7P0M"
},{
  "_id": {
    "$oid": "64674457c92ed15950570c90"
  },
  "first_name": "Orland",
  "last_name": "MacAllaster",
  "email": "omacallaster4@dropbox.com",
  "gender": "Male",
  "uuid": "01H0SP3A9328GDTBFEDPVXPJXP"
},{
  "_id": {
    "$oid": "64674457c92ed15950570c91"
  },
  "first_name": "Frederico",
  "last_name": "McTurk",
  "email": "fmcturk5@addthis.com",
  "gender": "Male",
  "uuid": "01H0SP3A932NSHA8VVSKS4T2S5"
},{
  "_id": {
    "$oid": "64674457c92ed15950570c92"
  },
  "first_name": "Alonzo",
  "last_name": "Gregorio",
  "email": "agregorio6@w3.org",
  "gender": "Male",
  "uuid": "01H0SP3A942XE08VWHWTA2B2HA"
},{
  "_id": {
    "$oid": "64674457c92ed15950570c93"
  },
  "first_name": "Erminia",
  "last_name": "Crawcour",
  "email": "ecrawcour7@reuters.com",
  "gender": "Female",
  "uuid": "01H0SP3A94HSDRFMHBDBJN120C"
},{
  "_id": {
    "$oid": "64674457c92ed15950570c94"
  },
  "first_name": "Rustie",
  "last_name": "Blader",
  "email": "rblader8@springer.com",
  "gender": "Male",
  "uuid": "01H0SP3A951VCMP8X85AW6T6CT"
},{
  "_id": {
    "$oid": "64674457c92ed15950570c95"
  },
  "first_name": "Doroteya",
  "last_name": "Boutcher",
  "email": "dboutcher9@eepurl.com",
  "gender": "Female",
  "uuid": "01H0SP3A95QE10TGC74SC6CCCF"
}]